ref,existing_id,statement,title,sector,topic,entity_slug,resolution_type,topic_hashtag,emoji,harvest_channel,legal
F01,1,"Chaque vendredi, je perds trois heures à relancer mes factures impayées et à vérifier lesquelles sont enfin réglées.",Les indépendants perdent 3 h par semaine à relancer et pointer leurs factures impayées,Fintech,Facturation,,tiers,#RelanceFacture,📨,"LinkedIn, FB groups",OK
F02,,"Je n'ose pas appliquer les pénalités de retard écrites sur mes factures, de peur de perdre le client pour la prochaine mission.",Les pénalités de retard prévues au contrat ne sont presque jamais réclamées par les indépendants,Fintech,Facturation,,tiers,#PenalitesDeRetard,😬,"FB groups, Slack collectives",OK
F03,,"Mon client grand compte paie à 60 jours fin de mois : j'ai livré en janvier, l'argent arrive en avril.","Payés à 60 jours fin de mois, les freelances avancent trois mois de trésorerie aux grands comptes",Fintech,Facturation,,tiers,#Paiement60Jours,🗓️,LinkedIn,OK
F04,,"Pour être payé, je dois d'abord me faire référencer sur le portail fournisseur du client : douze documents et trois semaines avant d'envoyer ma première facture.",Le référencement fournisseur d'un grand compte prend trois semaines avant la première facture,Fintech,Facturation,,tiers,#PortailFournisseur,🗂️,"LinkedIn, Slack collectives",OK
F05,37,"Sur Malt, je dois attendre que mon client valide ma mission pour être payé, et certains mettent des semaines sans que le support intervienne.",Paiement freelance conditionné à la validation client,B2B,Ventes,malt,tiers,#ValidationMission,⏳,"Reddit, Trustpilot",OK — source to log
F06,,"Un client a disparu après la livraison du site : plus de réponse aux mails, et 1 800 € de facture dans le vide.",Un client injoignable après livraison laisse un freelance avec 1 800 € impayés,Fintech,Facturation,,tiers,#ClientFantome,👻,"FB groups, Reddit",OK
F07,,"Je n'ai pas demandé d'acompte sur un projet de deux mois, et le client a changé d'avis à mi-parcours : un mois de travail non payé.","Sans acompte, un changement d'avis client coûte un mois de travail à un freelance",Fintech,Facturation,,tiers,#Acompte,🫠,FB groups,OK
F08,,"Pour une facture de 300 €, l'injonction de payer me coûterait plus de temps et d'argent que ce que je récupérerais.","Sous 500 €, recouvrer un impayé coûte plus cher qu'il ne rapporte à un indépendant",Fintech,Facturation,,tiers,#PetitImpaye,⚖️,"Forums, Reddit",OK
F09,,"Mes clients me paient par virement, chèque, PayPal et parfois en espèces : je passe une heure par semaine à pointer qui a payé quoi.",Rapprocher paiements et factures prend une heure par semaine aux freelances multi-moyens de paiement,Fintech,Facturation,,tiers,#Rapprochement,🧾,FB groups,OK
F10,10,Je dois refaire mon devis à la main dès qu'un client demande une petite modification.,Devis et acomptes : tout est refait à la main à chaque modification,Fintech,Facturation,,tiers,#DevisAMain,✏️,FB groups,OK
F11,,"« Juste une petite modif » : sur mon dernier projet, j'ai compté onze petites modifs gratuites, soit deux jours de travail non facturés.",Onze « petites modifs » gratuites font deux jours non facturés sur un projet freelance,B2B,Ventes,,tiers,#ScopeCreep,🔁,"LinkedIn, Slack collectives",OK
F12,,"J'ai démarré la mission sur un simple « ok pour moi » par mail, et le devis n'a jamais été signé : au moment de facturer, le client conteste le périmètre.",Un devis jamais signé laisse le freelance sans base pour facturer le périmètre convenu,B2B,Ventes,,tiers,#DevisNonSigne,📝,"FB groups, forums",OK
F13,,"Je passe deux heures en réunion de cadrage, puis le client choisit quelqu'un d'autre : ce temps-là n'est jamais facturé.",Les réunions de cadrage non facturées coûtent plusieurs heures par prospect aux indépendants,B2B,Ventes,,tiers,#CadrageGratuit,🕑,LinkedIn,OK
F14,,"Je réponds à des appels d'offres de vingt pages pour des missions de 5 000 €, et une fois sur deux je n'ai même pas de réponse.","Répondre à un appel d'offres freelance : vingt pages, et une réponse une fois sur deux",B2B,Ventes,,tiers,#AppelDOffres,📄,"LinkedIn, Slack collectives",OK
F15,,Je ne sais jamais si mon TJM est dans la norme : les grilles que je trouve varient du simple au double pour le même métier.,Les freelances ne trouvent aucune référence fiable pour fixer leur TJM,B2B,Ventes,,tiers,#TJM,💶,"Reddit, FB groups, Slack",OK
F16,,"Chaque client me renvoie ses propres CGV de trente pages à signer, et je ne sais pas ce que j'accepte sur la propriété de mon travail.",Signer les CGV de chaque client : trente pages et des droits cédés sans les comprendre,B2B,Ventes,,tiers,#CGVClient,📚,"Slack collectives, forums",OK
F17,,Mon client me demande un test technique de deux jours non payé avant de me confier une mission freelance.,Des tests techniques de deux jours non rémunérés avant une mission freelance,B2B,Ventes,,tiers,#TestNonPaye,🧪,"Reddit, LinkedIn",OK
F18,,J'ai dépassé le seuil de TVA en cours d'année sans m'en rendre compte : trois factures à refaire et de la TVA à reverser que je n'avais pas encaissée.,Le dépassement du seuil de TVA surprend les micro-entrepreneurs en cours d'année,B2B,Finance/Compta,,tiers,#SeuilTVA,📈,"FB groups, forums",OK
F19,29,"Le jour de ma déclaration de chiffre d'affaires, le site est bloqué et je n'ai aucune alternative simple.",Déclaration de chiffre d'affaires bloquée le jour de l'échéance,B2B,Finance/Compta,urssaf-auto-entrepreneur,entite,#DeclarationCA,🧱,"X, FB groups",OK — source to log
F20,,Je passe une soirée par trimestre à comprendre quelle case remplir sur ma déclaration quand j'ai des revenus mixtes prestations et ventes.,Déclarer des revenus mixtes prend une soirée par trimestre aux micro-entrepreneurs,B2B,Finance/Compta,urssaf-auto-entrepreneur,tiers,#DeclarationMixte,🧩,Forums,OK — source to log
F21,,Ma CFE est arrivée en décembre alors que je n'avais pas prévu cette dépense : 600 € à sortir juste avant les fêtes.,La CFE de décembre tombe sans avertissement sur la trésorerie des indépendants,B2B,Finance/Compta,,tiers,#CFE,🎄,FB groups,OK
F22,,"Je dois fournir une attestation de vigilance tous les six mois à chaque client, et la télécharger prend dix minutes à chaque fois parce que mon espace ne s'ouvre pas du premier coup.",L'attestation de vigilance demandée tous les six mois coûte dix minutes par client,B2B,Finance/Compta,urssaf-auto-entrepreneur,entite,#AttestationVigilance,📎,Forums,OK — source to log
F23,31,Je déclare des revenus de plusieurs natures et je passe des heures à vérifier que je n'ai rien oublié.,Déclaration de revenus multi-sources : des allers-retours entre rubriques,Lifestyle,Vie administrative,impots-gouv,entite,#DeclarationRevenus,🧮,Forums,OK — source to log
F24,,"Pour passer de micro-entreprise à SASU, j'ai eu quatre interlocuteurs différents et je ne sais toujours pas quand ma micro est officiellement fermée.",Changer de statut micro → SASU laisse un indépendant sans date de clôture claire,Lifestyle,Vie administrative,,tiers,#ChangementDeStatut,🔀,"Forums, Reddit",OK
F25,,Facture électronique obligatoire : je reçois des mails de trois plateformes différentes et je ne sais pas laquelle choisir ni ce que ça change pour mes factures.,La réforme de la facture électronique laisse les indépendants choisir une plateforme sans repère,Fintech,Facturation,,tiers,#FactureElectronique,📧,"LinkedIn, FB groups",OK
F26,,"Je mélange dépenses perso et pro sur la même carte, et chaque trimestre je passe un dimanche à trier 200 lignes de relevé.",Trier 200 lignes de relevé perso/pro coûte un dimanche par trimestre aux micro-entrepreneurs,Fintech,Budget,,tiers,#ReleveBancaire,🗃️,FB groups,OK
F27,,"Je paie 120 € par mois pour la saisie de quinze factures, sans conseil ni échange en dehors de la clôture annuelle.","120 € par mois de comptabilité pour quinze factures, sans conseil hors clôture",B2B,Finance/Compta,,tiers,#CoutComptable,💸,"FB groups, Reddit","OK (fact about the service received, no named firm)"
F28,36,Mon compte Qonto a été bloqué pour un contrôle de conformité et personne ne peut me dire quand je récupère mes fonds.,Blocage de compte pro sans délai ni interlocuteur humain,Fintech,Budget,qonto,entite,#CompteBloque,🔒,"Trustpilot, X, Reddit",OK — source to log
F29,38,Stripe a gelé mes fonds pour une « revue de risque » et les réponses du support sont des messages types qui ne font pas avancer mon dossier.,Fonds marchands gelés plusieurs semaines sans visibilité,Fintech,Paiements partagés,stripe,entite,#FondsGeles,🧊,"Reddit, Indie Hackers",OK — source to log
F30,34,Il m'a fallu cinq semaines et trois envois des mêmes justificatifs pour ouvrir un compte pro en tant que micro-entrepreneur.,Ouvrir un compte pro en micro-entreprise : cinq semaines et trois envois de justificatifs,B2B,Finance/Compta,,tiers,#OuvertureComptePro,🏦,"FB groups, Reddit",OK
F31,,"Ma banque a refusé mon prêt immobilier parce que je n'ai que deux bilans en freelance, alors que je gagne plus qu'en CDI.","Sans trois bilans, les freelances se voient refuser un prêt immobilier malgré leurs revenus",Lifestyle,Logement,,tiers,#PretImmoFreelance,🏠,"FB groups, Reddit",OK
F32,,"Pour louer un appartement, j'ai dû fournir un garant à 38 ans parce que mon statut d'indépendant ne rassure pas les agences.",Louer un appartement en freelance impose un garant même avec des revenus stables,Lifestyle,Logement,,tiers,#GarantLocation,🔑,"FB groups, Reddit",OK
F33,,Je ne sais jamais combien mettre de côté pour les cotisations et l'impôt : je découvre le montant réel six mois après avoir dépensé l'argent.,Les freelances découvrent le montant réel de leurs charges six mois après,Fintech,Budget,,tiers,#ProvisionCharges,🫣,"FB groups, Slack",OK
F34,,Un mois à 8 000 € puis un mois à 0 € : je n'ai aucun outil qui lisse ma trésorerie et me dise ce que je peux vraiment me verser.,Des revenus irréguliers sans outil pour savoir ce qu'un freelance peut se verser chaque mois,Fintech,Budget,,tiers,#RevenusIrreguliers,🎢,"LinkedIn, Slack",OK
F35,,"Depuis que je dépasse 10 000 € de chiffre d'affaires, on m'a demandé un compte dédié : je paie 9 € par mois pour un compte dont je n'utilise que le virement.",Le compte dédié obligatoire coûte 9 € par mois à des micro-entrepreneurs qui n'utilisent que le virement,Fintech,Budget,,tiers,#CompteDedie,💳,FB groups,OK
F36,,"En arrêt maladie une semaine, j'ai touché 90 € d'indemnités et perdu 1 500 € de facturation.","Une semaine d'arrêt maladie coûte 1 500 € de facturation à un freelance, contre 90 € d'indemnités",Santé,Prévention,,tiers,#ArretMaladieFreelance,🤒,"FB groups, LinkedIn",OK
F37,,"Mon relevé de carrière affiche des trimestres manquants pour mes années en micro-entreprise, et je ne sais pas à qui demander la correction.","Des trimestres de retraite manquants pour les années en micro-entreprise, sans interlocuteur clair",Lifestyle,Vie administrative,,entite,#RetraiteMicro,🧓,Forums,OK
F38,,"Pour mon congé maternité en freelance, j'ai dû calculer moi-même mes indemnités entre trois simulateurs qui ne donnent pas le même résultat.","Le congé maternité des indépendantes : trois simulateurs, trois montants différents",Lifestyle,Famille,,tiers,#CongeMaterniteFreelance,🤰,FB groups,OK
F39,,"Je n'ai vu aucun médecin du travail depuis que je suis freelance, et je n'ai aucun rappel pour mes visites de prévention.",Aucune visite médicale de prévention depuis le passage en freelance,Santé,Prévention,,tiers,#PreventionFreelance,🩺,LinkedIn,OK
F40,,"Après cinq ans de freelance, j'ai arrêté mon activité et j'ai découvert que je n'avais droit à aucune allocation, faute de conditions que personne ne m'avait expliquées.",Un freelance qui arrête après cinq ans découvre qu'il n'a droit à aucune allocation,Lifestyle,Vie administrative,,tiers,#ChomageIndependants,🚪,"Reddit, forums",OK
F41,,"Ma mutuelle me coûte 80 € par mois de ma poche, le double de ce que je payais en CDI avec la part employeur.","La mutuelle coûte deux fois plus cher aux freelances qu'aux salariés, sans participation employeur",Santé,Prévention,,tiers,#MutuelleFreelance,🛡️,FB groups,OK
F42,,"Sur les plateformes freelance, la commission prélevée sur ma mission atteint 10 à 20 %, et le client ne le voit même pas dans mon tarif.","Jusqu'à 20 % de commission sur les missions freelance, invisibles pour le client",B2B,Ventes,,tiers,#CommissionPlateforme,🪙,"Reddit, FB groups",OK (no platform named)
F43,,"Une ESN me place chez son client à 650 € par jour et m'en reverse 400, sans que je puisse parler directement au client.",L'intermédiation prend 250 € par jour sur une mission freelance sans contact direct client,B2B,Ventes,,tiers,#Intermediaire,🧱,"LinkedIn, Reddit",OK
F44,,"Je passe cinq heures par semaine à publier sur les réseaux pour trouver des clients, sans savoir si un seul contrat en est sorti.",Cinq heures de réseaux sociaux par semaine sans savoir si un contrat en découle,B2B,Ventes,,tiers,#ProspectionReseaux,📣,LinkedIn,OK
F45,,"Mes anciens clients me recommandent de bouche à oreille, mais je n'ai aucun endroit où afficher leurs avis en dehors des plateformes qui prennent une commission.",Les recommandations clients des freelances restent captives des plateformes à commission,B2B,Ventes,,tiers,#AvisClients,⭐,Slack collectives,OK
F46,,"Un client m'a proposé du portage salarial : 10 % de frais de gestion plus les charges, et je n'arrive pas à comparer avec ma micro.",Portage salarial ou micro-entreprise : impossible de comparer le net réel,B2B,Finance/Compta,,tiers,#PortageSalarial,🔍,"Forums, Reddit",OK
F47,,"Je jongle entre quatre outils pour une seule facture : le devis dans l'un, la facture dans l'autre, le suivi dans un tableur et la relance par mail.",Quatre outils pour émettre et suivre une seule facture freelance,Fintech,Facturation,,tiers,#OutilsFacturation,🧰,FB groups,OK
F48,,"Je reçois trois appels par semaine pour « utiliser mon solde CPF », et je ne sais pas lesquels sont sérieux.",Trois appels par semaine de démarchage CPF non sollicité chez les indépendants,Lifestyle,Vie administrative,,tiers,#DemarchageCPF,📵,"FB groups, X",OK (no entity tagged)
F49,,"Je perds une demi-journée par mois à retrouver les justificatifs que mon comptable me redemande, éparpillés entre mails, photos et téléchargements.",Une demi-journée par mois à retrouver des justificatifs éparpillés,B2B,Finance/Compta,,tiers,#Justificatifs,🔎,FB groups,OK
F50,,"Mon avis de situation m'est demandé à chaque nouveau client, et je dois le retélécharger à chaque fois parce qu'il doit dater de moins de trois mois.",Un avis de situation de moins de trois mois à re-télécharger pour chaque nouveau client,Lifestyle,Vie administrative,,tiers,#AvisDeSituation,📑,Forums,OK
F51,,"J'ai perdu une journée à comprendre comment facturer un client en Belgique : TVA intracommunautaire, numéro à vérifier, mention à ajouter.",Facturer un client dans l'UE coûte une journée de recherche à un freelance,Fintech,Facturation,,tiers,#TVAIntracom,🇪🇺,"Forums, Reddit",OK
F52,,"Je facture aussi des clients hors UE, et chaque paiement reçu perd 3 à 4 % entre frais de change et frais bancaires.",Les paiements internationaux coûtent 3 à 4 % aux freelances à chaque virement,Fintech,Facturation,,tiers,#PaiementInternational,🌍,"Indie Hackers, Reddit",OK
F53,,Je n'ai pris que six jours de vacances cette année parce que chaque jour off est un jour non facturé et je n'ai personne pour me remplacer.,Six jours de vacances par an : chaque jour off est un jour non facturé en freelance,B2B,RH,,tiers,#VacancesFreelance,🏖️,"LinkedIn, FB groups",OK
F54,,"Je travaille seule depuis mon salon depuis trois ans, et le coworking le plus proche coûte 250 € par mois, soit ma marge de la semaine.",Un coworking à 250 € par mois équivaut à une semaine de marge pour une freelance isolée,B2B,Ops,,tiers,#Isolement,🛋️,FB groups,OK
